<?xml version="1.0" encoding="UTF-8"?>
<!DOCTYPE mapper
        PUBLIC "-//mybatis.org//DTD Mapper 3.0//EN"
        "http://mybatis.org/dtd/mybatis-3-mapper.dtd">
<mapper namespace="com.dwh.dpicturebackend.mapper.PictureMapper">

    <resultMap id="BaseResultMap" type="com.dwh.dpicturebackend.model.picture.Picture">
            <id property="id" column="id" />
            <result property="url" column="url" />
        <result property="thumbnailUrl" column="thumbnailUrl" jdbcType="VARCHAR"/>
            <result property="name" column="name" />
            <result property="spaceId" column="spaceId" jdbcType="BIGINT" />
            <result property="introduction" column="introduction" />
            <result property="picColor" column="picColor" />
            <result property="category" column="category" />
            <result property="tags" column="tags" />
            <result property="picSize" column="picSize" />
            <result property="picWidth" column="picWidth" />
            <result property="picHeight" column="picHeight" />
            <result property="picScale" column="picScale" />
            <result property="picFormat" column="picFormat" />
            <result property="userId" column="userId" />
            <result property="createTime" column="createTime" />
            <result property="editTime" column="editTime" />
            <result property="updateTime" column="updateTime" />
            <result property="isDelete" column="isDelete" />
    </resultMap>

    <sql id="Base_Column_List">
        id,url,thumbnailUrl,name,spaceId,introduction,category,tags,picColor,
        picSize,picWidth,picHeight,picScale,picFormat,
        userId,createTime,editTime,updateTime,isDelete
    </sql>
</mapper>
